<locatingRules xmlns="http://thaiopensource.com/ns/locating-rules/1.0">
  <uri pattern="*.html5" typeId="HTML5"/>
  <namespace ns="http://www.w3.org/1999/xhtml" typeId="HTML5"/>
  <documentElement localName="html" typeId="HTML5"/>
  <typeId id="HTML5" uri="html5.rnc"/>

  <uri pattern="*.xhtml5" typeId="XHTML5"/>
  <namespace ns="http://www.w3.org/1999/xhtml" typeId="XHTML5"/>
  <documentElement localName="html" typeId="XHTML5"/>
  <typeId id="XHTML5" uri="xhtml5.rnc"/>
</locatingRules>
